appliances,freezer
appliances,vacuum
appliances,toaster
appliances,refrigerator
appliances,dryer
appliances,blender
appliances,iron
appliances,washer
appliances,mixer
appliances,dishwasher
appliances,oven
appliances,stove
beverages,tea
beverages,cola
beverages,rum
beverages,water
beverages,juice
beverages,coffee
beverages,cider
beverages,wine
beverages,milk
beverages,beer
beverages,soda
beverages,lemonade
birds,hawk
birds,sparrow
birds,crow
birds,seagull
birds,cardinal
birds,finch
birds,bluebird
birds,dove
birds,goose
birds,pigeon
birds,robin
birds,duck
bodyparts,nose
bodyparts,head
bodyparts,hand
bodyparts,leg
bodyparts,foot
bodyparts,toe
bodyparts,fingers
bodyparts,eye
bodyparts,ear
bodyparts,elbow
bodyparts,knee
bodyparts,arm
building,door
building,attic
building,wall
building,floor
building,ceiling
building,roof
building,window
building,bathroom
building,hallway
building,room
building,stairs
building,foundation
clothing,blouse
clothing,dress
clothing,pants
clothing,underwear
clothing,shorts
clothing,shirt
clothing,socks
clothing,coat
clothing,jeans
clothing,shoes
clothing,jacket
clothing,skirt
desserts,cheesecake
desserts,cake
desserts,pie
desserts,cookie
desserts,cobbler
desserts,mousse
desserts,pudding
desserts,brownies
desserts,pastry
desserts,jello
desserts,cupcake
desserts,fudge
electronics,microwave
electronics,television
electronics,printer
electronics,scanner
electronics,tablet
electronics,speaker
electronics,radio
electronics,stereo
electronics,computer
electronics,headphones
electronics,phone
electronics,calculator
fabric,nylon
fabric,cotton
fabric,leather
fabric,denim
fabric,wool
fabric,silk
fabric,fleece
fabric,suede
fabric,velvet
fabric,spandex
fabric,linen
fabric,satin
farmanimals,pig
farmanimals,calf
farmanimals,cow
farmanimals,turkey
farmanimals,hen
farmanimals,rooster
farmanimals,lamb
farmanimals,bull
farmanimals,chicken
farmanimals,horse
farmanimals,goat
farmanimals,sheep
flowers,violet
flowers,rose
flowers,orchid
flowers,lily
flowers,sunflower
flowers,carnation
flowers,daisy
flowers,petunia
flowers,lilac
flowers,marigold
flowers,daffodil
flowers,tulip
fruit,plum
fruit,grape
fruit,lime
fruit,pear
fruit,blueberry
fruit,apple
fruit,strawberry
fruit,lemon
fruit,banana
fruit,cherry
fruit,orange
fruit,peach
furniture,desk
furniture,table
furniture,recliner
furniture,chair
furniture,bed
furniture,bookcase
furniture,dresser
furniture,cabinet
furniture,nightstand
furniture,sofa
furniture,shelf
furniture,couch
insects,beetle
insects,fly
insects,bee
insects,moth
insects,spider
insects,mosquito
insects,butterfly
insects,gnat
insects,ant
insects,roach
insects,ladybug
insects,cricket
instruments,organ
instruments,trombone
instruments,guitar
instruments,violin
instruments,drum
instruments,bass
instruments,cello
instruments,flute
instruments,piano
instruments,banjo
instruments,tuba
instruments,trumpet
kitchentools,grater
kitchentools,strainer
kitchentools,colander
kitchentools,corkscrew
kitchentools,fork
kitchentools,knife
kitchentools,spoon
kitchentools,whisk
kitchentools,ladle
kitchentools,peeler
kitchentools,tongs
kitchentools,spatula
oceananimals,crab
oceananimals,octopus
oceananimals,turtle
oceananimals,oyster
oceananimals,dolphin
oceananimals,whale
oceananimals,lobster
oceananimals,jellyfish
oceananimals,shrimp
oceananimals,plankton
oceananimals,squid
oceananimals,fish
officesupplies,eraser
officesupplies,tape
officesupplies,marker
officesupplies,binder
officesupplies,paper
officesupplies,pen
officesupplies,ruler
officesupplies,pencil
officesupplies,stapler
officesupplies,folder
officesupplies,glue
officesupplies,notebook
tools,drill
tools,screwdriver
tools,wrench
tools,crowbar
tools,pliers
tools,ax
tools,level
tools,saw
tools,hammer
tools,shovel
tools,sander
tools,ratchet
toys,puzzle
toys,football
toys,dollhouse
toys,barbie
toys,frisbee
toys,blocks
toys,baseball
toys,basketball
toys,ball
toys,slinky
toys,doll
toys,marbles
trees,maple
trees,cedar
trees,spruce
trees,evergreen
trees,oak
trees,hickory
trees,elm
trees,pine
trees,cypress
trees,birch
trees,walnut
trees,willow
vegetables,carrot
vegetables,cucumber
vegetables,celery
vegetables,potato
vegetables,onion
vegetables,cauliflower
vegetables,spinach
vegetables,broccoli
vegetables,corn
vegetables,cabbage
vegetables,peas
vegetables,lettuce
vehicles,bus
vehicles,car
vehicles,truck
vehicles,jeep
vehicles,bike
vehicles,van
vehicles,boat
vehicles,train
vehicles,motorcycle
vehicles,scooter
vehicles,plane
vehicles,moped
zoo,giraffe
zoo,chimpanzee
zoo,bear
zoo,orangutan
zoo,lion
zoo,tiger
zoo,gorilla
zoo,monkey
zoo,elephant
zoo,cheetah
zoo,zebra
zoo,panda
e,